,Manufacturing_Lot,Mean_PSI,Median_PSI,Var_PSI,Std_Dev_PSI,Num_Coil
1,Lot1,1500,1500,0.979591837,0.989743319,50
2,Lot2,1500.2,1500,7.469387755,2.733018067,50
3,Lot3,1496.14,1498.5,170.2861224,13.04937249,50
